ISO_A3,wbname,statext0,statext1,statext2,statext3,statext4,statext5,statext6,statext7,statext8,statext9,statext10,statext11,statext12,statext13,statext14,statext15,statext16,statext17,statext18,statext19,statext20,statext21,statext22,statext23,statext24,statext25,statext26,statext27,statext28,statext29,statext30,statext31,statext32,statext33,statext34,statext35,statext36,statext37,statext38,statext39,statext40,statext41,statext42,statext43,statext44,statext45,statext46,statext47,statext48,statext49,statext50,statext51,statext52,statext53,statext54,statext55,statext56,statext57,statext58,statext59,statext60,statext61,statext62,statext63,statext64,statext65,statext66,statext67,statext68,statext69,statext70,statext71,statext72,statext73,statext74,statext75,statext76,statext77,statext78,statext79,statext80,statext81,statext82,statext83,statext84,statext85,statext86,statext87,statext88,statext89,statext90,statext91,statext92,statext93,statext94,statext95,statext96,statext97,statext98,statext99,statext100,statext101,statext102,statext103,statext104,statext105,statext106,statext107,statext108,statext109
AFG,Afghanistan,42.875,50,28.125,28.125,28.125,28.125,18.75,18.75,18.75,18.75,50,50,28.125,28.125,28.125,28.125,28.125,28.125,28.125,28.125,28.125,28.125,28.125,37.5,28.125,28.125,28.125,28.125,28.125,28.125,28.125,28.125,28.125,28.125,28.125,28.125,50,50,50,25,22.5,28.125,34.6875,33.75,28.125,25,25,25,25,25,21.125,25,25,0,0,0,0,0,0,0,0,0,0,0,0,0,0,0,0,0,0,0,0,0,8.4375,8.4375,8.4375,8.4375,8.4375,8.4375,11.25,11.25,11.25,11.25,11.25,11.25,0,0,0,0,0,0,0,0,0,0,0,0,0,0,0,0,0,0,0,0,0,0,0,0
ALB,Albania,46.5,41.5,25,26.9375,27.6875,25,25,25,25,28,50,28.5,27.375,28.125,28.125,28.125,28.125,28.125,28.125,28.125,28.125,28.125,28.125,28.125,28.125,28.125,28.125,28.125,28.125,28.125,28.125,28.125,25,25,25,25,25,25,25,25,25,25,25,41,50,28.125,28.125,28.125,15,15,15,15,11.25,11.25,11.25,11.25,0,0,0,0,0,0,0,0,0,0,0,0,0,0,0,0,0,0,0,0,0,0,0,0,0,0,0,0,0,0,0,0,0,0,0,0,0,0,0,0,0,0,0,0,0,0,0,0,0,0,0,0,0,0
DZA,Algeria,41.75,25,25,37.5,37.5,37.5,25,25,25,25,37.5,37.5,37.5,37.5,37.5,37.5,37.5,37.5,37.5,37.5,37.5,37.5,37.5,37.5,37.5,25,0,0,0,0,0,25,25,25,25,25,25,25,25,25,26,37.5,37.5,37.5,37.5,43.875,50,50,50,50,18.75,18.75,18.75,18.75,0,0,0,0,0,0,0,0,0,0,0,0,0,0,0,0,0,0,0,0,0,0,0,0,0,0,0,0,0,0,0,0,0,0,0,0,0,0,0,0,0,0,0,0,0,0,0,0,0,0,0,0,0,0,0,0
AGO,Angola,30,25,25,25,25,25,28.125,28.125,28.125,37.5,37.5,37.5,37.5,0,0,0,0,0,0,0,0,0,0,0,0,0,0,0,0,0,0,0,0,0,0,0,0,0,0,0,0,0,0,0,0,0,0,0,0,0,0,0,0,0,0,0,0,0,0,0,0,0,0,0,0,0,0,0,0,0,0,0,0,0,0,0,0,0,0,0,0,0,0,0,0,0,0,0,0,0,0,0,0,0,0,0,0,0,0,0,0,0,0,0,0,0,0,0,0,0
ARG,Argentina,50,50,50,37.5,18.75,18.75,18.75,18.75,12.5,18.75,9.375,0,0,0,0,0,0,0,0,0,0,0,0,0,0,0,0,0,0,0,0,0,0,0,0,0,0,0,0,0,0,0,0,0,0,0,0,0,0,0,0,0,0,0,0,0,0,0,0,0,0,0,0,0,0,0,0,0,0,0,0,0,0,0,0,0,0,0,0,0,0,0,0,0,0,0,0,0,0,0,0,0,0,0,0,0,0,0,0,0,0,0,0,0,0,0,0,0,0,0
ARM,Armenia,29.5,24,18.75,18.75,18.75,18.75,18.75,21.25,25,25,25,25,25,25,25,25,25,25,25,36.25,37.5,39.5,50,50,50,50,48.5,39,50,50,28.75,24,20.625,18.75,18.75,18.75,18.75,18.75,21.1875,28.125,28.125,43,50,45,25,25,25,25,25,25,25,25,45.5,50,50,50,46.5625,32.8125,32.8125,32.8125,32.8125,32.8125,32.8125,32.8125,32.8125,35.15625,0,0,0,0,0,0,0,0,0,0,0,0,0,0,0,0,0,0,0,0,0,0,0,0,0,0,0,0,0,0,0,0,0,0,0,0,0,0,0,0,0,0,0,0
AUS,Australia,50,50,50,37.5,0,0,0,0,0,0,0,0,0,0,0,0,0,0,0,0,0,0,0,0,0,0,0,0,0,0,0,0,0,0,0,0,0,0,0,0,0,0,0,0,0,0,0,0,0,0,0,0,0,0,0,0,0,0,0,0,0,0,0,0,0,0,0,0,0,0,0,0,0,0,0,0,0,0,0,0,0,0,0,0,0,0,0,0,0,0,0,0,0,0,0,0,0,0,0,0,0,0,0,0,0,0,0,0,0,0
AUT,Austria,49.375,45.875,50,50,50,50,50,50,50,50,50,50,50,50,50,50,28.125,28.125,28.125,28.125,28.125,28.125,37.5,37.5,28.125,28.125,28.125,28.125,28.125,28.125,28.125,28.125,25,25,25,25,25,25,25,25,33.75,37.5,28.125,28.125,0,0,0,0,0,0,0,0,0,0,0,0,0,0,0,0,0,0,0,0,0,0,0,0,0,0,0,0,0,0,0,0,0,0,0,0,0,0,0,0,0,0,0,0,0,0,0,0,0,0,0,0,0,0,0,0,0,0,0,0,0,0,0,0,0,0
AZE,Azerbaijan,29.5,26,25,25,25,25,25,25,25,25,25,25,25,25,25,25,25,25,25,25,28.125,28.125,28.125,28.125,28.125,28.125,28.125,25,25,25,25,25,25,25,24.75,18.75,18.75,18.75,18.75,18.75,25,42.5,8.4375,8.4375,8.4375,8.4375,16.375,12.5,12.5,12.5,12.5,12.5,6.25,0,0,0,0,0,0,0,0,0,0,0,0,0,0,0,0,0,0,0,0,0,0,0,0,0,0,0,0,0,0,0,0,0,0,0,0,0,0,0,0,0,0,0,0,0,0,0,0,0,0,0,0,0,0,0,0,0
BGD,Bangladesh,39.5,37.5,25,25,25,37.5,37.5,37.5,37.5,37.5,37.5,37.5,37.5,37.5,37.5,37.5,25,25,25,25,25,25,25,25,25,0,0,0,0,0,0,0,0,0,0,0,0,0,0,0,0,0,0,0,0,0,0,0,0,0,0,0,0,0,0,0,0,0,0,0,0,0,0,0,0,0,0,0,0,0,0,0,0,0,0,0,0,0,0,0,0,0,0,0,0,0,0,0,0,0,0,0,0,0,0,0,0,0,0,0,0,0,0,0,0,0,0,0,0,0
BRB,Barbados,42,25,25,25,25,25,25,11.5,0,0,0,0,0,0,0,0,0,0,0,0,0,0,0,0,0,0,0,0,0,0,0,0,0,0,0,0,0,0,0,0,0,0,0,0,0,0,0,0,0,0,0,0,0,0,0,0,0,0,0,0,0,0,0,0,0,0,0,0,0,0,0,0,0,0,0,0,0,0,0,0,0,0,0,0,0,0,0,0,0,0,0,0,0,0,0,0,0,0,0,0,0,0,0,0,0,0,0,0,0,0
BLR,Belarus,29.5,28.25,25,25,22.125,25,25,25,25,25,25,25,25,25,25,25,25,25,25,25,25,25,25,25,37.5,0,0,0,0,0,0,0,0,0,0,0,0,0,0,0,0,0,0,0,0,0,0,0,0,0,0,0,0,0,0,0,0,0,0,0,0,0,0,0,0,0,0,0,0,0,0,0,0,0,0,0,0,0,0,0,0,0,0,0,0,0,0,0,0,0,0,0,0,0,0,0,0,0,0,0,0,0,0,0,0,0,0,0,0,0
BEL,Belgium,50,50,50,42.5,37.5,37.5,37.5,37.5,37.5,37.5,37.5,37.5,37.5,37.5,37.5,37.5,37.5,37.5,37.5,37.5,37.5,37.5,37.5,37.5,37.5,37.5,37.5,37.5,37.5,37.5,37.5,0,25,25,25,25,25,25,25,25,25,0,0,0,0,0,0,0,0,0,0,0,0,0,0,0,0,0,0,0,0,0,0,0,0,0,0,0,0,0,0,0,0,0,0,0,0,0,0,0,0,0,0,0,0,0,0,0,0,0,0,0,0,0,0,0,0,0,0,0,0,0,0,0,0,0,0,0,0,0
BEN,Benin,45,25,37.5,28.875,18.75,30,37.5,18.75,0,0,0,0,0,0,0,0,0,0,0,0,0,0,0,0,0,0,0,0,0,0,0,0,0,0,0,0,0,0,0,0,0,0,0,0,0,0,0,0,0,0,0,0,0,0,0,0,0,0,0,0,0,0,0,0,0,0,0,0,0,0,0,0,0,0,0,0,0,0,0,0,0,0,0,0,0,0,0,0,0,0,0,0,0,0,0,0,0,0,0,0,0,0,0,0,0,0,0,0,0,0
BOL,Bolivia,50,50,50,37.5,25,25,25,25,25,25,25,37.5,37.5,37.5,37.5,37.5,37.5,37.5,37.5,50,50,50,50,50,50,50,50,50,15,15,15,15,15,15,15,15,15,15,15,15,11.25,11.25,11.25,11.25,11.25,11.25,0,0,0,0,0,0,0,0,0,0,0,0,0,0,0,0,0,0,0,0,0,0,0,0,0,0,0,0,0,0,0,0,0,0,0,0,0,0,0,0,0,0,0,0,0,0,0,0,0,0,0,0,0,0,0,0,0,0,0,0,0,0,0,0
BIH,Bosnia and Herzegovina,39.5,26.25,25,25,25,25,25,25,25,25,31.5,50,50,50,50,50,35,25,25,25,25,25,25,25,25,25,25,25,25,25,25,25,25,25,25,25,25,25,25,25,25,25,25,12.625,11.25,11.25,11.25,11.25,0,0,0,0,0,0,0,0,0,0,0,0,0,0,0,0,0,0,0,0,0,0,0,0,0,0,0,0,0,0,0,0,0,0,0,0,0,0,0,0,0,0,0,0,0,0,0,0,0,0,0,0,0,0,0,0,0,0,0,0,0,0
BWA,Botswana,42,25,33.75,25,25,25,25,25,25,25,25,25,25,25,25,25,25,25,0,0,0,0,0,0,0,0,0,0,0,0,0,0,0,0,0,0,0,0,0,0,0,0,0,0,0,0,0,0,0,0,0,0,0,0,0,0,0,0,0,0,0,0,0,0,0,0,0,0,0,0,0,0,0,0,0,0,0,0,0,0,0,0,0,0,0,0,0,0,0,0,0,0,0,0,0,0,0,0,0,0,0,0,0,0,0,0,0,0,0,0
BRA,Brazil,50,50,50,43.75,25,25,25,25,25,6.375,0,0,0,0,0,0,0,0,0,0,0,0,0,0,0,0,0,0,0,0,0,0,0,0,0,0,0,0,0,0,0,0,0,0,0,0,0,0,0,0,0,0,0,0,0,0,0,0,0,0,0,0,0,0,0,0,0,0,0,0,0,0,0,0,0,0,0,0,0,0,0,0,0,0,0,0,0,0,0,0,0,0,0,0,0,0,0,0,0,0,0,0,0,0,0,0,0,0,0,0
BRN,Brunei,39.25,25,44,50,50,50,50,50,50,50,50,50,25,25,25,25,25,25,25,25,25,25,25,25,25,25,25,25,25,25,0,0,0,0,0,0,0,0,0,0,0,0,0,0,0,0,0,0,0,0,0,0,0,0,0,0,0,0,0,0,0,0,0,0,0,0,0,0,0,0,0,0,0,0,0,0,0,0,0,0,0,0,0,0,0,0,0,0,0,0,0,0,0,0,0,0,0,0,0,0,0,0,0,0,0,0,0,0,0,0
BGR,Bulgaria,45.125,45,37.5,37.5,37.5,37.5,37.5,37.5,25,25,25,25,48,50,50,50,32.5,25,25,34,50,50,50,50,50,50,42.25,28.75,25,25,25,25,25,25,25,25,25,25,25,25,23,28.125,28.125,12.125,25,25,32,50,50,9.375,3,0,0,0,0,0,0,0,0,0,0,0,0,0,0,0,0,0,0,0,0,0,0,0,0,0,0,0,0,0,0,0,0,0,0,0,0,0,0,0,0,0,0,0,0,0,0,0,0,0,0,0,0,0,0,0,0,0,0,0
BFA,Burkina Faso,45.5,25,37.5,37.5,37.5,37.5,37.5,37.5,37.5,37.5,37.5,0,0,0,0,0,0,0,0,0,0,0,0,0,0,0,0,0,0,0,0,0,0,0,0,0,0,0,0,0,0,0,0,0,0,0,0,0,0,0,0,0,0,0,0,0,0,0,0,0,0,0,0,0,0,0,0,0,0,0,0,0,0,0,0,0,0,0,0,0,0,0,0,0,0,0,0,0,0,0,0,0,0,0,0,0,0,0,0,0,0,0,0,0,0,0,0,0,0,0
BDI,Burundi,44,25,37.5,37.5,37.5,37.5,37.5,0,0,0,0,0,0,0,0,0,0,0,0,0,0,0,0,0,0,0,0,0,0,0,0,0,0,0,0,0,0,0,0,0,0,0,0,0,0,0,0,0,0,0,0,0,0,0,0,0,0,0,0,0,0,0,0,0,0,0,0,0,0,0,0,0,0,0,0,0,0,0,0,0,0,0,0,0,0,0,0,0,0,0,0,0,0,0,0,0,0,0,0,0,0,0,0,0,0,0,0,0,0,0
KHM,Cambodia,44.625,25,33.5,37.5,37.5,37.5,37.5,37.5,47.5,50,50,50,50,50,50,50,50,50,50,50,50,50,50,49.5,37.5,37.5,37.5,37.5,37.5,37.5,37.5,37.5,37.5,37.5,37.5,37.5,37.5,37.5,37.5,37.5,0,0,0,0,0,0,0,0,0,0,0,0,0,0,0,0,0,0,0,0,0,0,0,0,0,0,0,0,0,0,0,0,0,0,0,0,0,0,0,0,0,0,0,0,0,0,0,0,0,0,0,0,0,0,0,0,0,0,0,0,0,0,0,0,0,0,0,0,0,0
CMR,Cameroon,43.125,18.75,37.5,37.5,37.5,37.5,37.5,37.5,37.5,37.5,37.5,15,15,15,15,15,15,15,15,15,15,15,15,0,0,0,0,0,0,0,0,0,0,0,0,0,0,0,0,0,0,0,0,0,0,0,0,0,0,0,0,0,0,0,0,0,0,0,0,0,0,0,0,0,0,0,0,0,0,0,0,0,0,0,0,0,0,0,0,0,0,0,0,0,0,0,0,0,0,0,0,0,0,0,0,0,0,0,0,0,0,0,0,0,0,0,0,0,0,0
CAN,Canada,50,50,50,37.5,18.75,12.5,12.5,7.5,0,0,0,0,0,0,0,0,0,0,0,0,0,0,0,0,0,0,0,0,0,0,0,0,0,0,0,0,0,0,0,0,0,0,0,0,0,0,0,0,0,0,0,0,0,0,0,0,0,0,0,0,0,0,0,0,0,0,0,0,0,0,0,0,0,0,0,0,0,0,0,0,0,0,0,0,0,0,0,0,0,0,0,0,0,0,0,0,0,0,0,0,0,0,0,0,0,0,0,0,0,0
CPV,Cape Verde,37.5,25,25,25,25,25,25,25,25,25,25,0,0,0,0,0,0,0,0,0,0,0,0,0,0,0,0,0,0,0,0,0,0,0,0,0,0,0,0,0,0,0,0,0,0,0,0,0,0,0,0,0,0,0,0,0,0,0,0,0,0,0,0,0,0,0,0,0,0,0,0,0,0,0,0,0,0,0,0,0,0,0,0,0,0,0,0,0,0,0,0,0,0,0,0,0,0,0,0,0,0,0,0,0,0,0,0,0,0,0
CAF,Central African Republic,45,25,0,0,0,0,0,0,0,0,0,0,0,0,0,0,0,0,0,0,0,0,0,0,0,0,0,0,0,0,0,0,0,0,0,0,0,0,0,0,0,0,0,0,0,0,0,0,0,0,0,0,0,0,0,0,0,0,0,0,0,0,0,0,0,0,0,0,0,0,0,0,0,0,0,0,0,0,0,0,0,0,0,0,0,0,0,0,0,0,0,0,0,0,0,0,0,0,0,0,0,0,0,0,0,0,0,0,0,0
TCD,Chad,45,25,15,15,15,15,15,15,15,15,15,15,15,15,15,15,15,15,15,15,15,15,15,0,0,0,0,0,0,0,0,0,0,0,0,0,0,0,0,0,0,0,0,0,0,0,0,0,0,0,0,0,0,0,0,0,0,0,0,0,0,0,0,0,0,0,0,0,0,0,0,0,0,0,0,0,0,0,0,0,0,0,0,0,0,0,0,0,0,0,0,0,0,0,0,0,0,0,0,0,0,0,0,0,0,0,0,0,0,0
CHL,Chile,50,50,50,41,25,25,25,25,25,25,12.5,0,0,0,0,0,0,0,0,0,0,0,0,0,0,0,0,0,0,0,0,0,0,0,0,0,0,0,0,0,0,0,0,0,0,0,0,0,0,0,0,0,0,0,0,0,0,0,0,0,0,0,0,0,0,0,0,0,0,0,0,0,0,0,0,0,0,0,0,0,0,0,0,0,0,0,0,0,0,0,0,0,0,0,0,0,0,0,0,0,0,0,0,0,0,0,0,0,0,0
CHN,China,50,43.75,50,50,50,50,50,50,50,50,50,50,45.5,37.5,44.75,50,50,50,50,50,37.5,37.5,50,50,37.5,50,50,50,37.5,37.5,37.5,37.5,37.5,37.5,37.5,37.5,50,50,50,50,50,50,46.25,37.5,20.95,15,15,15,15,15,15,15,15,15,15,20.8,25,25,25,25,24.2,15,15,15,15,15,15,15,15,15,15,15,11.25,11.25,11.25,11.25,11.25,11.25,0,0,0,0,0,0,0,0,0,0,0,0,0,0,0,0,0,0,0,0,0,0,0,0,0,0,0,0,0,0,0,0
COL,Colombia,48,49.5,50,40.5,25,25,25,25,25,18.75,0,0,0,0,0,0,0,0,0,0,0,0,0,0,0,0,0,0,0,0,0,0,0,0,0,0,0,0,0,0,0,0,0,0,0,0,0,0,0,0,0,0,0,0,0,0,0,0,0,0,0,0,0,0,0,0,0,0,0,0,0,0,0,0,0,0,0,0,0,0,0,0,0,0,0,0,0,0,0,0,0,0,0,0,0,0,0,0,0,0,0,0,0,0,0,0,0,0,0,0
COM,Comoros,41,25,7,0,0,0,0,0,0,0,0,0,0,0,0,0,0,0,0,0,0,0,0,0,0,0,0,0,0,0,0,0,0,0,0,0,0,0,0,0,0,0,0,0,0,0,0,0,0,0,0,0,0,0,0,0,0,0,0,0,0,0,0,0,0,0,0,0,0,0,0,0,0,0,0,0,0,0,0,0,0,0,0,0,0,0,0,0,0,0,0,0,0,0,0,0,0,0,0,0,0,0,0,0,0,0,0,0,0,0
COG,"Congo, Rep.",45,25,28.125,28.125,28.125,28.125,28.125,28.125,28.125,28.125,37.5,0,0,0,0,0,0,0,0,0,0,0,0,0,0,0,0,0,0,0,0,0,0,0,0,0,0,0,0,0,0,0,0,0,0,0,0,0,0,0,0,0,0,0,0,0,0,0,0,0,0,0,0,0,0,0,0,0,0,0,0,0,0,0,0,0,0,0,0,0,0,0,0,0,0,0,0,0,0,0,0,0,0,0,0,0,0,0,0,0,0,0,0,0,0,0,0,0,0,0
CRI,Costa Rica,50,50,50,39.5,25,25,25,25,25,0,0,0,0,0,0,0,0,0,0,0,0,0,0,0,0,0,0,0,0,0,0,0,0,0,0,0,0,0,0,0,0,0,0,0,0,0,0,0,0,0,0,0,0,0,0,0,0,0,0,0,0,0,0,0,0,0,0,0,0,0,0,0,0,0,0,0,0,0,0,0,0,0,0,0,0,0,0,0,0,0,0,0,0,0,0,0,0,0,0,0,0,0,0,0,0,0,0,0,0,0
CIV,Cote d'Ivoire,45,25,37.5,37.5,37.5,37.5,25,25,25,25,25,25,0,0,0,0,0,0,0,0,0,0,0,0,0,0,0,0,0,0,0,0,0,0,0,0,0,0,0,0,0,0,0,0,0,0,0,0,0,0,0,0,0,0,0,0,0,0,0,0,0,0,0,0,0,0,0,0,0,0,0,0,0,0,0,0,0,0,0,0,0,0,0,0,0,0,0,0,0,0,0,0,0,0,0,0,0,0,0,0,0,0,0,0,0,0,0,0,0,0
HRV,Croatia,39.75,30.75,37.5,37.5,37.5,37.5,25,25,25,31.5,37.5,37.5,37.5,37.5,37.5,37.5,37.5,38,50,50,50,40,0,0,0,0,0,0,0,0,25,25,25,25,25,25,25,25,25,23.875,13.575,7.5,7.5,9.225,11.25,11.25,11.25,11.25,0,0,0,0,0,0,0,0,0,0,0,0,0,0,0,0,0,0,0,0,0,0,0,0,0,0,0,0,0,0,0,0,0,0,0,0,0,0,0,0,0,0,0,0,0,0,0,0,0,0,0,0,0,0,0,0,0,0,0,0,0,0
CUB,Cuba,50,41.5,25.25,25,25,25,25,25,25,17.75,0,0,0,0,0,0,0,0,0,0,0,0,0,0,0,0,0,0,0,0,0,0,0,0,0,0,0,0,0,0,0,0,0,0,0,0,0,0,0,0,0,0,0,0,0,0,0,0,0,0,0,0,0,0,0,0,0,0,0,0,0,0,0,0,0,0,0,0,0,0,0,0,0,0,0,0,0,0,0,0,0,0,0,0,0,0,0,0,0,0,0,0,0,0,0,0,0,0,0,0
CYP,Cyprus,42.5,25,25,25,25,25,25,25,25,25,25,38,50,50,50,50,25,25,25,25,25,25,25,25,25,25,25,25,25,25,25,25,25,25,25,25,25,25,25,25,25,25,25,25,25,25,30,29.75,25.6875,25,32,45.25,50,40.75,47.75,50,50,50,50,50,37.5,37.5,37.5,37.5,21.875,21.875,0,0,0,0,0,0,0,0,0,0,0,0,0,0,0,0,0,0,0,0,0,0,0,0,0,0,0,0,0,0,0,0,0,0,0,0,0,0,0,0,0,0,0,0
CZE,Czech Republic,45.125,37.375,25,25,25,25,25,25,25,38,50,50,50,50,50,50,50,50,50,50,50,50,50,32,0,0,0,0,0,0,0,0,0,0,0,0,0,0,0,0,0,0,0,0,0,0,0,0,0,0,0,0,0,0,0,0,0,0,0,0,0,0,0,0,0,0,0,0,0,0,0,0,0,0,0,0,0,0,0,0,0,0,0,0,0,0,0,0,0,0,0,0,0,0,0,0,0,0,0,0,0,0,0,0,0,0,0,0,0,0
ZAR,Demcratic Rep. of Congo,43.5,25,33.75,37.5,37.5,37.5,37.5,37.5,37.5,37.5,37.5,0,0,0,0,0,0,0,0,0,0,0,0,0,0,0,0,0,0,0,0,0,0,0,0,0,0,0,0,0,0,0,0,0,0,0,0,0,0,0,0,0,0,0,0,0,0,0,0,0,0,0,0,0,0,0,0,0,0,0,0,0,0,0,0,0,0,0,0,0,0,0,0,0,0,0,0,0,0,0,0,0,0,0,0,0,0,0,0,0,0,0,0,0,0,0,0,0,0,0
DNK,Denmark,50,50,50,50,50,50,50,50,50,50,50,50,50,50,50,50,37.5,45.25,50,50,50,25,25,25,25,25,0,0,0,0,0,0,0,0,0,0,0,0,0,0,0,0,0,0,0,0,0,0,0,0,0,0,0,0,0,0,0,0,0,0,0,0,0,0,0,0,0,0,0,0,0,0,0,0,0,0,0,0,0,0,0,0,0,0,0,0,0,0,0,0,0,0,0,0,0,0,0,0,0,0,0,0,0,0,0,0,0,0,0,0
DJI,Djibouti,36.5,25,34.5,37.5,37.5,37.5,37.5,37.5,37.5,26.75,25,25,25,25,25,25,25,25,25,25,25,25,25,25,25,25,25,25,25,25,25,25,25,25,25,25,25,25,25,25,21.875,21.875,21.875,21.875,21.875,21.875,21.875,21.875,21.875,21.875,21.875,21.875,21.875,21.875,21.875,21.875,21.875,21.875,21.875,21.875,21.875,21.875,21.875,21.875,21.875,21.875,21.875,21.875,21.875,21.875,0,0,0,0,0,0,0,0,0,0,0,0,0,0,0,0,0,0,0,0,0,0,0,0,0,0,0,0,0,0,0,0,0,0,0,0,0,0,0,0
DOM,Dominican Republic,50,50,50,28,25,25,25,25,25,25,0,0,0,0,0,0,0,0,0,0,0,0,0,0,0,0,0,0,0,0,0,0,0,0,0,0,0,0,0,0,0,0,0,0,0,0,0,0,0,0,0,0,0,0,0,0,0,0,0,0,0,0,0,0,0,0,0,0,0,0,0,0,0,0,0,0,0,0,0,0,0,0,0,0,0,0,0,0,0,0,0,0,0,0,0,0,0,0,0,0,0,0,0,0,0,0,0,0,0,0
ECU,Ecuador,50,50,50,39,25,25,25,25,25,25,37.5,37.5,0,0,0,0,0,0,0,0,0,0,0,0,0,0,0,0,0,0,0,0,0,0,0,0,0,0,0,0,0,0,0,0,0,0,0,0,0,0,0,0,0,0,0,0,0,0,0,0,0,0,0,0,0,0,0,0,0,0,0,0,0,0,0,0,0,0,0,0,0,0,0,0,0,0,0,0,0,0,0,0,0,0,0,0,0,0,0,0,0,0,0,0,0,0,0,0,0,0
EGY,"Egypt, Arab Rep.",50,39,33,37.5,25,25,25,25,25,33.5,50,50,50,50,50,37.5,42.75,50,50,50,38.5,25,50,25,25,25,25,25,25,25,25,25,25,25,25,25,25,25,25,25,32.5,43.75,37.5,32.3125,37.5,37.5,29.75,50,27,25,37.5,50,50,36.1875,34.59375,32.8125,32.8125,32.8125,32.8125,40.03125,50,50,50,50,50,50,50,50,50,50,40.71875,32.8125,39.6875,50,50,50,50,50,50,41.5,37.5,37.5,42.5,50,50,50,50,50,50,50,50,43.75,37.5,37.5,37.5,43.75,50,50,50,50,50,50,37.5,37.5,0,0,0,0,0,0
SLV,El Salvador,47,50,50,38,25,25,25,25,25,11,0,0,0,0,0,0,0,0,0,0,0,0,0,0,0,0,0,0,0,0,0,0,0,0,0,0,0,0,0,0,0,0,0,0,0,0,0,0,0,0,0,0,0,0,0,0,0,0,0,0,0,0,0,0,0,0,0,0,0,0,0,0,0,0,0,0,0,0,0,0,0,0,0,0,0,0,0,0,0,0,0,0,0,0,0,0,0,0,0,0,0,0,0,0,0,0,0,0,0,0
GNQ,Equatorial Guinea,41,25,16.5,12.5,12.5,12.5,12.5,12.5,12.5,12.5,1.5,0,0,0,0,0,0,0,0,0,0,0,0,0,0,0,0,0,0,0,0,0,0,0,0,0,0,0,0,0,0,0,0,0,0,0,0,0,0,0,0,0,0,0,0,0,0,0,0,0,0,0,0,0,0,0,0,0,0,0,0,0,0,0,0,0,0,0,0,0,0,0,0,0,0,0,0,0,0,0,0,0,0,0,0,0,0,0,0,0,0,0,0,0,0,0,0,0,0,0
ERI,Eritrea,33.5,25,25,25,25,25,25,25,25,25,37.5,37.5,37.5,37.5,37.5,37.5,43.75,43.75,43.75,43.75,43.75,43.75,43.75,43.75,43.75,43.75,43.75,43.75,43.75,43.75,43.75,43.75,43.75,43.75,43.75,43.75,43.75,43.75,43.75,43.75,37.5,37.5,37.5,37.5,37.5,37.5,37.5,37.5,37.5,37.5,37.5,37.5,37.5,37.5,21.875,21.875,21.875,21.875,21.875,21.875,21.875,21.875,21.875,21.875,21.875,21.875,21.875,21.875,21.875,21.875,0,0,0,0,0,0,0,0,0,0,0,0,0,0,0,0,0,0,0,0,0,0,0,0,0,0,0,0,0,0,0,0,0,0,0,0,0,0,0,0
EST,Estonia,29.5,35.5,25,25,25,25,25,21.375,19.75,25,25,25,25,19.25,18.75,4.875,0,0,0,0,0,0,0,0,0,0,0,0,0,0,0,0,0,0,0,0,0,0,0,0,0,0,0,0,0,0,0,0,0,0,0,0,0,0,0,0,0,0,0,0,0,0,0,0,0,0,0,0,0,0,0,0,0,0,0,0,0,0,0,0,0,0,0,0,0,0,0,0,0,0,0,0,0,0,0,0,0,0,0,0,0,0,0,0,0,0,0,0,0,0
ETH,Ethiopia,50,50,50,37.5,37.5,37.5,50,50,50,50,50,50,50,50,50,50,50,50,50,50,50,50,50,50,50,50,50,50,50,50,50,50,50,50,50,50,50,50,50,50,15,15,15,15,15,15,15,15,15,15,15,15,15,15,0,0,0,0,0,0,0,0,0,0,0,0,0,0,0,0,0,0,0,0,0,0,0,0,0,0,0,0,0,0,0,0,0,0,0,0,0,0,0,0,0,0,0,0,0,0,0,0,0,0,0,0,0,0,0,0
FJI,Fiji,40,25,13,0,0,0,0,0,0,0,0,0,0,0,0,0,0,0,0,0,0,0,0,0,0,0,0,0,0,0,0,0,0,0,0,0,0,0,0,0,0,0,0,0,0,0,0,0,0,0,0,0,0,0,0,0,0,0,0,0,0,0,0,0,0,0,0,0,0,0,0,0,0,0,0,0,0,0,0,0,0,0,0,0,0,0,0,0,0,0,0,0,0,0,0,0,0,0,0,0,0,0,0,0,0,0,0,0,0,0
FIN,Finland,50,45.75,37.5,37.5,25,25,25,25,25,25,25,25,25,25,25,0,0,0,0,0,0,0,0,0,0,0,0,0,0,0,0,0,0,0,0,0,0,0,0,0,0,0,0,0,0,0,0,0,0,0,0,0,0,0,0,0,0,0,0,0,0,0,0,0,0,0,0,0,0,0,0,0,0,0,0,0,0,0,0,0,0,0,0,0,0,0,0,0,0,0,0,0,0,0,0,0,0,0,0,0,0,0,0,0,0,0,0,0,0,0
FRA,France,50,49,50,50,50,50,50,50,37.5,50,50,28.125,28.125,50,50,37.5,37.5,37.5,37.5,37.5,37.5,37.5,37.5,50,44.75,37.5,37.5,37.5,37.5,37.5,37.5,25,25,25,25,25,25,25,25,25,25,11.25,13.425,15,15,15,15,15,11.25,11.25,11.25,11.25,0,0,0,0,0,0,0,0,0,0,0,0,0,0,0,0,0,0,0,0,0,0,0,0,0,0,0,0,0,0,0,0,0,0,0,0,0,0,0,0,0,0,0,0,0,0,0,0,0,0,0,0,0,0,0,0,0,0
GAB,Gabon,45,25,25,0,0,0,0,0,0,0,0,0,0,0,0,0,0,0,0,0,0,0,0,0,0,0,0,0,0,0,0,0,0,0,0,0,0,0,0,0,0,0,0,0,0,0,0,0,0,0,0,0,0,0,0,0,0,0,0,0,0,0,0,0,0,0,0,0,0,0,0,0,0,0,0,0,0,0,0,0,0,0,0,0,0,0,0,0,0,0,0,0,0,0,0,0,0,0,0,0,0,0,0,0,0,0,0,0,0,0
GMB,"Gambia, The",42.5,25,25,25,25,37.5,37.5,37.5,37.5,37.5,0,0,0,0,0,0,0,0,0,0,0,0,0,0,0,0,0,0,0,0,0,0,0,0,0,0,0,0,0,0,0,0,0,0,0,0,0,0,0,0,0,0,0,0,0,0,0,0,0,0,0,0,0,0,0,0,0,0,0,0,0,0,0,0,0,0,0,0,0,0,0,0,0,0,0,0,0,0,0,0,0,0,0,0,0,0,0,0,0,0,0,0,0,0,0,0,0,0,0,0
GEO,Georgia,27.25,26.5,25,25,36.25,25.375,25,25,21.5,20.625,28.125,28.125,28.125,28.125,28.125,36.875,50,50,50,50,34.375,18.75,18.75,18.75,18.75,18.75,18.75,18.75,18.75,18.75,18.75,18.75,18.75,22.5,25,25,25,25,25,25,28.125,28.125,33.75,37.5,37.5,37.5,39.375,18.75,18.75,21.375,28.125,28.125,28.125,28.125,28.125,25,0,0,0,0,0,0,0,0,0,0,0,0,0,0,0,0,0,0,0,0,0,0,0,0,0,0,0,0,0,0,0,0,0,0,0,0,0,0,0,0,0,0,0,0,0,0,0,0,0,0,0,0,0,0
DEU,Germany,40,48.28125,44.75,37.5,37.5,37.5,37.5,37.5,37.5,37.5,37.5,37.5,37.5,37.5,37.5,50,42.5,50,44.25,50,50,50,50,50,37.5,37.5,37.5,37.5,37.5,37.5,37.5,37.5,12.5,12.5,12.5,12.5,12.5,12.5,12.5,12.5,0,0,0,0,0,0,0,0,0,0,0,0,0,0,0,0,0,0,0,0,0,0,0,0,0,0,0,0,0,0,0,0,0,0,0,0,0,0,0,0,0,0,0,0,0,0,0,0,0,0,0,0,0,0,0,0,0,0,0,0,0,0,0,0,0,0,0,0,0,0
GHA,Ghana,46.5,25,28.125,28.125,28.125,37.5,37.5,37.5,37.5,37.5,37.5,37.5,37.5,37.5,37.5,0,0,0,0,0,0,0,0,0,0,0,0,0,0,0,0,0,0,0,0,0,0,0,0,0,0,0,0,0,0,0,0,0,0,0,0,0,0,0,0,0,0,0,0,0,0,0,0,0,0,0,0,0,0,0,0,0,0,0,0,0,0,0,0,0,0,0,0,0,0,0,0,0,0,0,0,0,0,0,0,0,0,0,0,0,0,0,0,0,0,0,0,0,0,0
GRC,Greece,50,50,50,34,25,25,25,25,25,25,25,28.125,28.125,28.125,28.125,28.125,25,25,25,25,25,25,25,25,25,25,25,25,25,25,25,25,25,25,25,25,25,25,25,25,25,25,26,37.5,37.5,37.5,37.5,37.5,37.5,37.5,37.5,37.5,37.5,37.5,25,25,25,25,18.75,18.75,18.75,18.75,18.75,18.75,37.5,37.5,37.5,37.5,37.5,18.75,18.75,18.75,18.75,18.75,11.25,11.25,11.25,11.25,11.25,11.25,11.25,11.25,11.25,11.25,11.25,11.25,11.25,11.25,11.25,11.25,0,0,0,0,0,0,0,0,0,0,0,0,0,0,0,0,0,0,0,0
GRD,Grenada,41.5,25,25,25,25,25,25,0,0,0,0,0,0,0,0,0,0,0,0,0,0,0,0,0,0,0,0,0,0,0,0,0,0,0,0,0,0,0,0,0,0,0,0,0,0,0,0,0,0,0,0,0,0,0,0,0,0,0,0,0,0,0,0,0,0,0,0,0,0,0,0,0,0,0,0,0,0,0,0,0,0,0,0,0,0,0,0,0,0,0,0,0,0,0,0,0,0,0,0,0,0,0,0,0,0,0,0,0,0,0
GTM,Guatemala,50,50,50,38.5,25,25,25,25,25,0,0,0,0,0,0,0,0,0,0,0,0,0,50,50,50,50,50,50,50,50,50,50,50,50,50,50,50,50,50,50,25,25,25,25,25,25,25,25,18.75,18.75,0,0,0,0,0,0,0,0,0,0,0,0,0,0,0,0,0,0,0,0,0,0,0,0,0,0,0,0,0,0,0,0,0,0,0,0,0,0,0,0,0,0,0,0,0,0,0,0,0,0,0,0,0,0,0,0,0,0,0,0
GIN,Guinea,46,25,25,25,25,25,25,25,25,25,25,25,25,0,0,0,0,0,0,0,0,0,0,0,0,0,0,0,0,0,0,0,0,0,0,0,0,0,0,0,0,0,0,0,0,0,0,0,0,0,0,0,0,0,0,0,0,0,0,0,0,0,0,0,0,0,0,0,0,0,0,0,0,0,0,0,0,0,0,0,0,0,0,0,0,0,0,0,0,0,0,0,0,0,0,0,0,0,0,0,0,0,0,0,0,0,0,0,0,0
GUY,Guyana,42,25,25,25,25,25,25,25,0,0,0,0,0,0,0,0,0,0,0,0,0,0,0,0,0,0,0,0,0,0,0,0,0,0,0,0,0,0,0,0,0,0,0,0,0,0,0,0,0,0,0,0,0,0,0,0,0,0,0,0,0,0,0,0,0,0,0,0,0,0,0,0,0,0,0,0,0,0,0,0,0,0,0,0,0,0,0,0,0,0,0,0,0,0,0,0,0,0,0,0,0,0,0,0,0,0,0,0,0,0
HTI,Haiti,50,47.625,50,48,25,25,25,25,25,25,0,0,0,0,0,0,0,0,0,0,0,0,0,0,0,0,0,0,0,0,0,0,0,0,0,0,0,0,0,0,0,0,0,0,0,0,0,0,0,0,0,0,0,0,0,0,0,0,0,0,0,0,0,0,0,0,0,0,0,0,0,0,0,0,0,0,0,0,0,0,0,0,0,0,0,0,0,0,0,0,0,0,0,0,0,0,0,0,0,0,0,0,0,0,0,0,0,0,0,0
HND,Honduras,50,50,50,31,25,25,25,25,25,0,0,0,0,0,0,0,0,0,0,0,0,0,15,15,15,15,15,15,15,15,15,15,15,15,15,15,15,15,15,15,0,0,0,0,0,0,0,0,0,0,0,0,0,0,0,0,0,0,0,0,0,0,0,0,0,0,0,0,0,0,0,0,0,0,0,0,0,0,0,0,0,0,0,0,0,0,0,0,0,0,0,0,0,0,0,0,0,0,0,0,0,0,0,0,0,0,0,0,0,0
HKG,"Hong Kong, China",26.5,25,25,50,50,50,50,50,50,50,50,50,45.5,37.5,44.75,50,50,50,50,50,37.5,37.5,50,50,37.5,50,50,50,37.5,37.5,37.5,37.5,37.5,37.5,37.5,37.5,50,50,50,50,50,50,50,50,0,0,0,0,0,0,0,0,0,0,0,0,0,0,0,0,0,0,0,0,0,0,0,0,0,0,0,0,0,0,0,0,0,0,0,0,0,0,0,0,0,0,0,0,0,0,0,0,0,0,0,0,0,0,0,0,0,0,0,0,0,0,0,0,0,0
HUN,Hungary,48.75,42.5,33.25,25,25,25,18.875,18.75,18.75,35,50,50,50,50,50,50,50,50,50,50,37.5,37.5,6,0,0,0,0,0,0,0,0,0,0,25,25,25,25,25,25,25,7,0,0,0,0,0,0,0,0,0,0,0,0,0,0,0,0,0,0,0,0,0,0,0,0,0,0,0,0,0,0,0,0,0,0,0,0,0,0,0,0,0,0,0,0,0,0,0,0,0,0,0,0,0,0,0,0,0,0,0,0,0,0,0,0,0,0,0,0,0
ISL,Iceland,50,50,37.5,37.5,37.5,37.5,37.5,37.5,37.5,37.5,37.5,37.5,37.5,37.5,37.5,0,0,0,0,0,0,0,0,0,0,0,0,0,0,0,0,0,0,0,0,0,0,0,0,0,0,0,0,0,0,0,0,0,0,0,0,0,0,0,0,0,0,0,0,0,0,0,0,0,0,0,0,0,0,0,0,0,0,0,0,0,0,0,0,0,0,0,0,0,0,0,0,0,0,0,0,0,0,0,0,0,0,0,0,0,0,0,0,0,0,0,0,0,0,0
IND,India,50,26.5,25,25,37.5,37.5,50,50,50,28.125,28.125,28.125,28.125,28.125,28.125,28.125,37.5,37.5,37.5,37.5,37.5,37.5,37.5,37.5,37.5,37.5,37.5,37.5,37.5,37.5,37.5,37.5,37.5,37.5,37.5,37.5,37.5,37.5,37.5,37.5,37.5,37.5,37.5,33.75,32.5,50,35.5,25,25,25,18.75,18.75,18.75,18.75,18.75,18.75,5.625,5.625,5.625,5.625,5.625,5.625,5.625,5.625,5.625,5.625,5.625,5.625,5.625,5.625,5.625,5.625,5.625,5.625,5.625,11.25,11.25,11.25,11.25,11.25,11.25,11.25,11.25,11.25,11.25,11.25,11.25,11.25,11.25,11.25,11.25,11.25,0,0,0,0,0,0,0,0,0,0,0,0,0,0,0,0,0,0
IDN,Indonesia,50,25,25,28.125,28.125,28.125,37.5,37.5,37.5,37.5,37.5,37.5,37.5,37.5,37.5,37.5,37.5,37.5,37.5,37.5,37.5,37.5,37.5,37.5,37.5,37.5,37.5,0,0,0,0,0,0,0,0,0,0,0,0,0,0,0,0,0,0,0,0,0,0,0,0,0,0,0,0,0,0,0,0,0,0,0,0,0,0,0,0,0,0,0,0,0,0,0,0,0,0,0,0,0,0,0,0,0,0,0,0,0,0,0,0,0,0,0,0,0,0,0,0,0,0,0,0,0,0,0,0,0,0,0
IRN,"Iran, Islamic Rep.",50,50,50,50,50,50,50,50,50,50,28.125,28.125,28.125,28.125,28.125,28.125,28.125,28.125,28.125,28.125,28.125,28.125,28.125,28.125,28.125,28.125,28.125,50,50,50,50,50,50,50,50,50,50,50,50,50,50,50,48.6875,28.125,28.6875,37.5,42.5,50,50,50,50,34.6875,28.125,28.125,34.5,18.75,18.75,18.75,18.75,18.75,18.75,18.75,25,25,25,25,25,25,25,25,25,25,25,25,24.875,23.25,25,25,25,25,25,25,25,25,25,25,25,25,25,25,25,25,25,25,11.25,11.25,11.25,11.25,11.25,11.25,11.25,11.25,11.25,11.25,0,0,0,0,0,0
IRQ,Iraq,50,33,25,32.75,37.5,25,25,25,25,24,18.75,18.75,18.75,23.125,27,37.5,37,25,24.375,18.75,18.75,31.875,34.125,40.5,50,25.5,25,27.375,28.125,28.125,28.125,28.125,28.125,28.125,28.125,28.125,28.125,28.125,28.125,28.125,28.125,28.125,27.5625,25,25,25,25,25,25,28.5,40.25,50,40,45.1875,45.25,37.5,37.5,37.5,37.5,37.5,37.5,37.5,37.5,29.0625,28.125,28.125,28.125,28.125,27.5,25,25,35,37.5,37.5,37.5,31,25,25,25,25,36.5,37.5,28,28.5,50,50,50,37.5,37.5,37.5,30,25,25,25,25,25,25,25,25,25,25,25,15,15,15,15,15,15,11.25,11.25
IRL,Ireland,50,39,25,25,25,25,25,25,25,25,25,25,25,25,25,25,31.25,37.5,37.5,37.5,37.5,37.5,37.5,37.5,37.5,37.5,37.5,37.5,37.5,37.5,37.5,37.5,0,0,0,0,0,0,0,0,0,0,0,0,0,0,0,0,0,0,0,0,0,0,0,0,0,0,0,0,0,0,0,0,0,0,0,0,0,0,0,0,0,0,0,0,0,0,0,0,0,0,0,0,0,0,0,0,0,0,0,0,0,0,0,0,0,0,0,0,0,0,0,0,0,0,0,0,0,0
ISR,Israel,50,25,25,25,25,25,25,25,25,25,25,25,25,25,25,25,25,25,25,25,25,25,25,25,25,25,25,25,25,25,25,25,25,25,25,25,25,25,25,28.125,36.75,37.5,37.5,29.875,37.5,37.5,35.4375,37.5,36.25,25,25,25,34.25,18.75,31.125,28.125,29.8125,37.5,37.5,50,24.5,7.5,7.5,7.5,25,25,25,25,25,25,24.609375,24.609375,24.609375,24.609375,24.609375,24.609375,24.609375,24.609375,24.609375,24.609375,0,0,0,0,0,0,28.125,28.125,28.125,28.125,28.125,28.125,28.125,28.125,28.125,28.125,28.125,28.125,28.125,28.125,0,0,0,0,0,0,0,0,0,0
ITA,Italy,50,50,32.9375,28.125,28.125,28.125,28.125,28.125,28.125,28.125,37.5,37.5,37.5,37.5,28.125,28.125,28.125,28.125,28.125,28.125,28.125,28.125,28.125,28.125,28.125,28.125,28.125,28.125,28.125,50,50,50,50,50,50,50,50,50,50,50,45.5,47.5,50,50,50,34.25,25.875,37.5,34.25,25,25,21.875,21.875,21.875,21.875,11.25,11.25,0,0,0,0,0,0,0,0,0,0,0,0,0,0,0,0,0,0,0,0,0,0,0,0,0,0,0,0,0,0,0,0,0,0,0,0,0,0,0,0,0,0,0,0,0,0,0,0,0,0,0,0,0
JAM,Jamaica,44,25,25,25,25,25,25,25,25,25,0,0,0,0,0,0,0,0,0,0,0,0,0,0,0,0,0,0,0,0,0,0,0,0,0,0,0,0,0,0,0,0,0,0,0,0,0,0,0,0,0,0,0,0,0,0,0,0,0,0,0,0,0,0,0,0,0,0,0,0,0,0,0,0,0,0,0,0,0,0,0,0,0,0,0,0,0,0,0,0,0,0,0,0,0,0,0,0,0,0,0,0,0,0,0,0,0,0,0,0
JPN,Japan,49.75,49.375,50,50,50,50,50,50,37.5,37.5,37.5,37.5,37.5,37.5,37.5,37.5,50,50,50,50,50,50,50,50,50,50,50,50,50,50,50,50,50,50,50,0,0,0,0,0,0,0,0,0,0,0,0,0,0,0,0,0,0,0,0,0,0,0,0,0,0,0,0,0,0,0,0,0,0,0,0,0,0,0,0,0,0,0,0,0,0,0,0,0,0,0,0,0,0,0,0,0,0,0,0,0,0,0,0,0,0,0,0,0,0,0,0,0,0,0
JOR,Jordan,50,27,25,25,25,25,25,25,25,25,25,25,25,25,25,25,25,25,25,25,25,25,25,25,25,25,25,25,25,25,25,25,25,25,25,25,25,25,37.5,37.5,37.5,46.5,50,34,25,25,25,25,25,25,25,25,25,25,25,25,27.4375,28.125,28.125,25.625,25,25,25,25,25,25,37.5,37.5,37.5,37.5,0,0,0,0,0,0,0,0,0,0,0,0,0,0,0,0,28.125,28.125,28.125,28.125,28.125,28.125,28.125,28.125,0,0,0,0,0,0,0,0,0,0,0,0,0,0,0,0
KAZ,Kazakhstan,29.5,25,25,28,31.625,50,42.5,37.5,47.5,42.25,28,25,25,25,25,25,0,0,0,0,0,0,0,0,0,0,0,0,0,0,0,0,0,0,0,0,0,0,0,0,0,0,0,0,0,0,0,0,0,0,0,0,0,0,0,0,0,0,0,0,0,0,0,0,0,0,0,0,0,0,0,0,0,0,0,0,0,0,0,0,0,0,0,0,0,0,0,0,0,0,0,0,0,0,0,0,0,0,0,0,0,0,0,0,0,0,0,0,0,0
KEN,Kenya,43.5,25,0,0,0,0,0,0,0,0,0,0,0,0,0,0,0,0,0,0,0,0,0,0,0,0,0,0,0,0,0,0,0,0,0,0,0,0,0,0,0,0,0,0,0,0,0,0,0,0,0,0,0,0,0,0,0,0,0,0,0,0,0,0,0,0,0,0,0,0,0,0,0,0,0,0,0,0,0,0,0,0,0,0,0,0,0,0,0,0,0,0,0,0,0,0,0,0,0,0,0,0,0,0,0,0,0,0,0,0
KOR,"Korea, Rep.",50,25,50,50,50,50,50,50,50,50,50,50,50,50,50,50,50,50,50,50,50,41,37.5,37.5,50,50,37.5,37.5,37.5,37.5,37.5,37.5,37.5,37.5,37.5,37.5,37.5,37.5,37.5,37.5,37.5,29.4375,28.125,28.125,28.125,28.125,28.125,28.125,18.75,18.75,18.75,18.75,18.75,18.75,18.75,18.75,0,0,0,0,0,0,0,0,0,0,0,0,0,0,0,0,0,0,0,0,0,0,0,0,0,0,0,0,0,0,0,0,0,0,0,0,0,0,0,0,0,0,0,0,0,0,0,0,0,0,0,0,0,0
KGZ,Kyrgyzstan,29.5,23,19.375,25,25,25,25,25,25,25,25,25,25,25,25,21.5,0,0,0,0,0,0,0,0,0,0,0,0,0,0,0,0,0,0,0,0,0,0,0,0,0,0,0,0,0,0,0,0,0,0,0,0,0,0,0,0,0,0,0,0,0,0,0,0,0,0,0,0,0,0,0,0,0,0,0,0,0,0,0,0,0,0,0,0,0,0,0,0,0,0,0,0,0,0,0,0,0,0,0,0,0,0,0,0,0,0,0,0,0,0
LAO,Laos,43,26.25,28.125,28.125,28.5,34.625,47,50,50,50,50,50,49.25,37.5,37.5,37.5,37.5,37.5,25,25,25,25,25,25,25,25,25,25,25,25,25,25,0,0,0,0,0,0,0,0,0,0,0,0,0,0,0,0,0,0,0,0,0,0,0,0,0,0,0,0,0,0,0,0,0,0,0,0,0,0,0,0,0,0,0,0,0,0,0,0,0,0,0,0,0,0,0,0,0,0,0,0,0,0,0,0,0,0,0,0,0,0,0,0,0,0,0,0,0,0
LVA,Latvia,29.5,35.5,25,25,27.8125,28.125,28.125,28.125,27.4375,25,25,25,25,25,25,6.5,0,0,0,0,0,0,0,0,0,0,0,0,0,0,0,0,0,0,0,0,0,0,0,0,0,0,0,0,0,0,0,0,0,0,0,0,0,0,0,0,0,0,0,0,0,0,0,0,0,0,0,0,0,0,0,0,0,0,0,0,0,0,0,0,0,0,0,0,0,0,0,0,0,0,0,0,0,0,0,0,0,0,0,0,0,0,0,0,0,0,0,0,0,0
LBN,Lebanon,40.9375,28.5,25,25,25,25,25,25,25,25,25,25,25,25,25,25,25,25,25,25,25,25,25,25,25,25,25,25,25,25,25,25,25,25,25,25,25,25,25,25,25,27.3125,28.125,28.125,28.125,28.125,28.125,28.125,28.125,28.125,28.125,28.125,28.125,28.125,28.125,28.125,28.125,34.125,36.75,37.5,37.5,37.5,37.5,29.25,28.125,32.0625,34.875,28.125,18.75,18.75,18.75,18.75,18.75,18.75,18.75,18.75,28.125,28.125,28.125,28.125,28.125,28.125,28.125,28.125,28.125,28.125,28.125,28.125,28.125,28.125,28.125,28.125,28.125,28.125,28.125,28.125,28.125,0,0,0,0,0,0,0,0,0,0,0,0,0
LSO,Lesotho,42,25,34.5,26,0,0,0,0,0,0,0,0,0,0,0,0,0,0,0,0,0,0,0,0,0,0,0,0,0,0,0,0,0,0,0,0,0,0,0,0,0,0,0,0,0,0,0,0,0,0,0,0,0,0,0,0,0,0,0,0,0,0,0,0,0,0,0,0,0,0,0,0,0,0,0,0,0,0,0,0,0,0,0,0,0,0,0,0,0,0,0,0,0,0,0,0,0,0,0,0,0,0,0,0,0,0,0,0,0,0
LBR,Liberia,0,0,0,0,0,0,0,0,0,0,48.25,37.5,27,4.35,0,0,0,0,0,0,0,0,0,0,0,0,0,0,0,0,0,0,0,0,0,0,0,0,0,0,0,0,0,0,0,0,0,0,0,0,0,0,0,0,0,0,0,0,0,0,0,0,0,0,0,0,0,0,0,0,0,0,0,0,0,0,0,0,0,0,0,0,0,0,0,0,0,0,0,0,0,0,0,0,0,0,0,0,0,0,0,0,0,0,0,0,0,0,0,0
LBY,Libya,50,25,25,25,25,25,25,25,25,37.5,37.5,37.5,37.5,37.5,37.5,37.5,37.5,37.5,37.5,37.5,37.5,37.5,37.5,37.5,37.5,37.5,37.5,27,25,25,25,25,19.375,18.75,18.75,18.75,18.75,18.75,18.75,18.75,19.5,28.125,28.875,37.5,37.5,37.5,37.5,37.5,37.5,37.5,28.125,28.125,28.125,28.125,0,0,0,0,0,0,0,0,0,0,0,0,0,0,0,0,0,0,0,0,0,0,0,0,0,0,0,0,0,0,0,0,0,0,0,0,0,0,0,0,0,0,0,0,0,0,0,0,0,0,0,0,0,0,0,0
LTU,Lithuania,29.5,36,25,25,36.25,37.5,37.5,37.5,42.25,50,50,50,42.25,47.75,50,0,0,0,0,0,0,0,0,0,0,0,0,0,0,0,0,0,0,0,0,0,0,0,0,0,0,0,0,0,0,0,0,0,0,0,0,0,0,0,0,0,0,0,0,0,0,0,0,0,0,0,0,0,0,0,0,0,0,0,0,0,0,0,0,0,0,0,0,0,0,0,0,0,0,0,0,0,0,0,0,0,0,0,0,0,0,0,0,0,0,0,0,0,0,0
MKD,Macedonia,39.75,26.25,25,25,25,25,25,25,25,25,25,25,25,25,25,25,25,25,25,25,25,25,25,25,25,25,25,25,0,0,25,25,25,25,25,25,25,25,25,20.5,0,0,0,32,50,45,50,50,50,50,28.125,28.125,28.125,28.125,0,0,0,0,0,0,0,0,0,0,0,0,0,0,0,0,0,0,0,0,0,0,0,0,0,0,0,0,0,0,0,0,0,0,0,0,0,0,0,0,0,0,0,0,0,0,0,0,0,0,0,0,0,0,0,0
MDG,Madagascar,45,25,37.5,37.5,37.5,37.5,37.5,37.5,37.5,37.5,0,0,0,0,0,0,0,0,0,0,0,0,0,0,0,0,0,0,0,0,0,0,0,0,0,0,0,0,0,0,0,0,0,0,0,0,0,0,0,0,0,0,0,0,0,0,0,0,0,0,0,0,0,0,0,0,0,0,0,0,0,0,0,0,0,0,0,0,0,0,0,0,0,0,0,0,0,0,0,0,0,0,0,0,0,0,0,0,0,0,0,0,0,0,0,0,0,0,0,0
MWI,Malawi,43,25,37.5,37.5,37.5,37.5,37.5,37.5,50,50,20,0,0,0,0,0,0,0,0,0,0,0,0,0,0,0,0,0,0,0,0,0,0,0,0,0,0,0,0,0,0,0,0,0,0,0,0,0,0,0,0,0,0,0,0,0,0,0,0,0,0,0,0,0,0,0,0,0,0,0,0,0,0,0,0,0,0,0,0,0,0,0,0,0,0,0,0,0,0,0,0,0,0,0,0,0,0,0,0,0,0,0,0,0,0,0,0,0,0,0
MYS,Malaysia,43.875,25,25,28.125,28.125,28.125,28.125,28.125,28.125,28.125,50,50,37.5,37.5,37.5,37.5,37.5,37.5,37.5,37.5,18.75,18.75,18.75,18.75,18.75,18.75,18.75,25,25,25,25,25,25,25,25,25,0,0,0,0,0,0,0,0,0,0,0,0,0,0,0,0,0,0,0,0,0,0,0,0,0,0,0,0,0,0,0,0,0,0,0,0,0,0,0,0,0,0,0,0,0,0,0,0,0,0,0,0,0,0,0,0,0,0,0,0,0,0,0,0,0,0,0,0,0,0,0,0,0,0
MLI,Mali,45,25,28.125,37.5,37.5,28.125,28.125,28.125,37.5,37.5,37.5,37.5,37.5,37.5,37.5,37.5,18.75,18.75,18.75,18.75,18.75,18.75,18.75,18.75,18.75,0,0,0,0,0,0,0,0,0,0,0,0,0,0,0,0,0,0,0,0,0,0,0,0,0,0,0,0,0,0,0,0,0,0,0,0,0,0,0,0,0,0,0,0,0,0,0,0,0,0,0,0,0,0,0,0,0,0,0,0,0,0,0,0,0,0,0,0,0,0,0,0,0,0,0,0,0,0,0,0,0,0,0,0,0
MRT,Mauritania,45,25,28.125,28.125,28.125,28.125,28.125,28.125,28.125,28.125,37.5,18.75,18.75,18.75,18.75,18.75,28.125,28.125,26.5,25,25,25,25,15,15,0,0,0,0,0,0,0,0,0,0,0,0,0,0,0,0,0,0,0,0,0,0,0,0,0,0,0,0,0,0,0,0,0,0,0,0,0,0,0,0,0,0,0,0,0,0,0,0,0,0,0,0,0,0,0,0,0,0,0,0,0,0,0,0,0,0,0,0,0,0,0,0,0,0,0,0,0,0,0,0,0,0,0,0,0
MUS,Mauritius,41,25,25,25,25,14.5,0,0,0,0,0,0,0,0,0,0,0,0,0,0,0,0,0,0,0,0,0,0,0,0,0,0,0,0,0,0,0,0,0,0,0,0,0,0,0,0,0,0,0,0,0,0,0,0,0,0,0,0,0,0,0,0,0,0,0,0,0,0,0,0,0,0,0,0,0,0,0,0,0,0,0,0,0,0,0,0,0,0,0,0,0,0,0,0,0,0,0,0,0,0,0,0,0,0,0,0,0,0,0,0
MEX,Mexico,50,50,50,39.5,25,25,25,25,25,31.25,37.5,37.5,37.5,37.5,37.5,37.5,15,15,15,15,15,15,25,25,25,25,25,25,25,25,25,25,25,25,25,25,25,25,25,25,25,25,18.75,18.75,18.75,18.75,18.75,18.75,18.75,0,0,0,0,0,0,0,0,0,0,0,0,0,0,0,0,0,0,0,0,0,0,0,0,0,0,0,0,0,0,0,0,0,0,0,0,0,0,0,0,0,0,0,0,0,0,0,0,0,0,0,0,0,0,0,0,0,0,0,0,0
MDA,Moldova,29.5,25,25,25,25,25,25,25,25,25,25,25,25,25,25,25,25,25,25,25,25,25,0,0,0,0,0,0,0,0,0,0,0,0,0,0,0,0,0,0,0,0,0,0,0,0,0,0,0,0,0,0,0,0,0,0,0,0,0,0,0,0,0,0,0,0,0,0,0,0,0,0,0,0,0,0,0,0,0,0,0,0,0,0,0,0,0,0,0,0,0,0,0,0,0,0,0,0,0,0,0,0,0,0,0,0,0,0,0,0
MNG,Mongolia,45,40.875,25,25,29.5,50,50,50,50,50,50,50,50,50,50,44,0,0,0,0,0,0,0,0,0,0,0,0,0,0,0,0,0,0,0,0,0,0,0,0,0,37.5,37.5,37.5,6.75,0,0,0,0,0,0,0,0,0,0,0,0,0,0,0,0,0,0,0,0,0,0,0,0,0,0,0,0,0,0,0,0,0,0,0,0,0,0,0,0,0,0,0,0,0,0,0,0,0,0,0,0,0,0,0,0,0,0,0,0,0,0,0,0,0
MAR,Morocco,46.25,18.75,50,50,50,37.5,50,37.5,50,28.125,50,50,50,50,50,50,50,45.75,37.5,37.5,37.5,37.5,37.5,37.5,37.5,25,28.125,28.125,28.125,28.125,28.125,37.5,37.5,37.5,37.5,37.5,37.5,37.5,37.5,37.5,37.5,37.5,35.7,15,15,15,15,15,15,15,11.25,11.25,0,0,0,0,0,0,0,0,0,0,0,0,0,0,0,0,0,0,0,0,0,0,0,0,0,0,0,0,0,0,0,0,0,0,0,0,0,0,0,0,0,0,0,0,0,0,0,0,0,0,0,0,0,0,0,0,0,0
MOZ,Mozambique,28.75,25,28.125,28.125,28.125,28.125,28.125,28.125,28.125,28.125,0,0,0,0,0,0,0,0,0,0,0,0,0,0,0,0,0,0,0,0,0,0,0,0,0,0,0,0,0,0,0,0,0,0,0,0,0,0,0,0,0,0,0,0,0,0,0,0,0,0,0,0,0,0,0,0,0,0,0,0,0,0,0,0,0,0,0,0,0,0,0,0,0,0,0,0,0,0,0,0,0,0,0,0,0,0,0,0,0,0,0,0,0,0,0,0,0,0,0,0
MMR,Myanmar,50,26,27.1875,28.125,28.125,50,50,50,37.5,44.25,50,50,50,37.5,37.5,50,50,50,50,37.5,37.5,37.5,37.5,37.5,37.5,37.5,37.5,37.5,37.5,37.5,37.5,37.5,37.5,37.5,37.5,37.5,37.5,37.5,37.5,37.5,28.125,28.125,28.125,28.125,0,0,0,0,0,0,0,0,0,0,0,0,0,0,0,0,0,0,0,0,0,0,0,0,0,0,0,0,0,0,0,0,0,0,0,0,0,0,0,0,0,0,0,0,0,0,0,0,0,0,0,0,0,0,0,0,0,0,0,0,0,0,0,0,0,0
NAM,Namibia,30,25,8,0,0,0,0,0,0,0,0,0,0,0,0,0,0,0,0,0,0,0,0,0,0,0,0,0,0,0,0,0,0,0,0,0,0,0,0,0,0,0,0,0,0,0,0,0,0,0,0,0,0,0,0,0,0,0,0,0,0,0,0,0,0,0,0,0,0,0,0,0,0,0,0,0,0,0,0,0,0,0,0,0,0,0,0,0,0,0,0,0,0,0,0,0,0,0,0,0,0,0,0,0,0,0,0,0,0,0
NPL,Nepal,50,50,50,50,45.25,37.5,37.5,37.5,37.5,37.5,37.5,50,50,50,50,50,50,50,50,50,50,50,50,50,50,50,50,50,50,50,50,50,0,0,0,0,0,0,0,0,0,0,0,0,0,0,0,0,0,0,0,0,0,0,0,0,0,0,0,0,0,0,0,0,0,0,0,0,0,0,0,0,0,0,0,0,0,0,0,0,0,0,0,0,0,0,0,0,0,0,0,0,0,0,0,0,0,0,0,0,0,0,0,0,0,0,0,0,0,0
NLD,Netherlands,50,50,50,50,50,50,50,50,28.125,28.125,28.125,28.125,28.125,28.125,28.125,28.125,28.125,28.125,28.125,28.125,28.125,28.125,28.125,37.5,37.5,50,50,50,50,50,50,50,18.75,18.75,18.75,18.75,18.75,18.75,18.75,18.75,10.125,0,0,0,0,0,0,0,0,0,0,0,0,0,0,0,0,0,0,0,0,0,0,0,0,0,0,0,0,0,0,0,0,0,0,0,0,0,0,0,0,0,0,0,0,0,0,0,0,0,0,0,0,0,0,0,0,0,0,0,0,0,0,0,0,0,0,0,0,0
NZL,New Zealand,50,38.25,25,0,0,0,0,0,0,0,0,0,0,0,0,0,0,0,0,0,0,0,0,0,0,0,0,0,0,0,0,0,0,0,0,0,0,0,0,0,0,0,0,0,0,0,0,0,0,0,0,0,0,0,0,0,0,0,0,0,0,0,0,0,0,0,0,0,0,0,0,0,0,0,0,0,0,0,0,0,0,0,0,0,0,0,0,0,0,0,0,0,0,0,0,0,0,0,0,0,0,0,0,0,0,0,0,0,0,0
NIC,Nicaragua,46.21875,50,28.125,28.125,25,25,25,25,25,13,0,0,0,0,0,0,0,0,0,0,0,0,0,0,0,0,0,0,0,0,0,0,0,0,0,0,0,0,0,0,0,0,0,0,0,0,0,0,0,0,0,0,0,0,0,0,0,0,0,0,0,0,0,0,0,0,0,0,0,0,0,0,0,0,0,0,0,0,0,0,0,0,0,0,0,0,0,0,0,0,0,0,0,0,0,0,0,0,0,0,0,0,0,0,0,0,0,0,0,0
NER,Niger,45,30.5,37.5,37.5,37.5,37.5,37.5,37.5,37.5,37.5,37.5,37.5,37.5,37.5,0,0,0,0,0,0,0,0,0,0,0,0,0,0,0,0,0,0,0,0,0,0,0,0,0,0,0,0,0,0,0,0,0,0,0,0,0,0,0,0,0,0,0,0,0,0,0,0,0,0,0,0,0,0,0,0,0,0,0,0,0,0,0,0,0,0,0,0,0,0,0,0,0,0,0,0,0,0,0,0,0,0,0,0,0,0,0,0,0,0,0,0,0,0,0,0
NGA,Nigeria,44.25,25,28.125,37.5,37.5,37.5,37.5,37.5,37.5,37.5,37.5,37.5,37.5,37.5,37.5,37.5,37.5,37.5,37.5,25,25,25,25,25,25,0,0,0,0,0,0,0,0,0,0,0,0,0,0,0,0,0,0,0,0,0,0,0,0,0,0,0,0,0,0,0,0,0,0,0,0,0,0,0,0,0,0,0,0,0,0,0,0,0,0,0,0,0,0,0,0,0,0,0,0,0,0,0,0,0,0,0,0,0,0,0,0,0,0,0,0,0,0,0,0,0,0,0,0,0
NOR,Norway,50,48.75,37.5,34,25,25,25,25,25,25,25,25,50,50,50,45.75,37.5,45,50,50,50,50,28.125,28.125,0,0,0,0,0,0,0,0,0,0,0,0,0,0,0,0,0,0,0,0,0,0,0,0,0,0,0,0,0,0,0,0,0,0,0,0,0,0,0,0,0,0,0,0,0,0,0,0,0,0,0,0,0,0,0,0,0,0,0,0,0,0,0,0,0,0,0,0,0,0,0,0,0,0,0,0,0,0,0,0,0,0,0,0,0,0
PAK,Pakistan,50,26.5,25,50,50,37.5,37.5,37.5,37.5,37.5,37.5,37.5,37.5,37.5,37.5,37.5,50,50,50,50,37.5,37.5,37.5,37.5,37.5,37.5,37.5,37.5,37.5,37.5,37.5,37.5,37.5,37.5,28.125,50,50,50,37.5,37.5,37.5,37.5,37.5,37.5,37.5,37.5,20.625,18.75,18.75,18.75,30.375,37.5,14.0625,14.0625,14.0625,14.0625,14.0625,14.0625,14.0625,14.0625,14.0625,14.0625,14.0625,14.0625,14.0625,14.0625,14.0625,14.0625,14.0625,14.0625,14.0625,14.0625,14.0625,14.0625,14.0625,37.5,37.5,37.5,37.5,37.5,37.5,37.5,37.5,37.5,37.5,37.5,37.5,37.5,37.5,37.5,37.5,37.5,0,0,0,0,0,0,0,0,0,0,0,0,0,0,0,0,0,0
PAN,Panama,50,50,37.5,32.25,25,25,25,25,25,25,0,0,0,0,0,0,0,0,0,0,0,0,0,0,0,0,0,0,0,0,0,0,0,0,0,0,0,0,0,0,0,0,0,0,0,0,0,0,0,0,0,0,0,0,0,0,0,0,0,0,0,0,0,0,0,0,0,0,0,0,0,0,0,0,0,0,0,0,0,0,0,0,0,0,0,0,0,0,0,0,0,0,0,0,0,0,0,0,0,0,0,0,0,0,0,0,0,0,0,0
PNG,Papua New Guinea,37.5,18.75,0,0,0,0,0,0,0,0,0,0,0,0,0,0,0,0,0,0,0,0,0,0,0,0,0,0,0,0,0,0,0,0,0,0,0,0,0,0,0,0,0,0,0,0,0,0,0,0,0,0,0,0,0,0,0,0,0,0,0,0,0,0,0,0,0,0,0,0,0,0,0,0,0,0,0,0,0,0,0,0,0,0,0,0,0,0,0,0,0,0,0,0,0,0,0,0,0,0,0,0,0,0,0,0,0,0,0,0
PRY,Paraguay,50,50,50,44.5,25,25,25,25,25,0,0,0,0,0,0,0,0,0,0,0,0,0,0,0,0,0,0,0,0,0,0,0,0,0,0,0,0,0,0,0,0,0,0,0,0,0,0,0,0,0,0,0,0,0,0,0,0,0,0,0,0,0,0,0,0,0,0,0,0,0,0,0,0,0,0,0,0,0,0,0,0,0,0,0,0,0,0,0,0,0,0,0,0,0,0,0,0,0,0,0,0,0,0,0,0,0,0,0,0,0
PER,Peru,45,50,50,39.5,25,25,25,25,25,41,50,37.5,37.5,37.5,37.5,37.5,37.5,37.5,37.5,37.5,37.5,37.5,37.5,37.5,50,50,25,25,15,15,15,15,15,15,15,15,15,15,15,15,15,15,15,15,15,15,15,15,11.25,11.25,11.25,11.25,11.25,11.25,11.25,11.25,11.25,11.25,0,0,0,0,0,0,0,0,0,0,0,0,0,0,0,0,0,0,0,0,0,0,0,0,0,0,0,0,0,0,0,0,0,0,0,0,0,0,0,0,0,0,0,0,0,0,0,0,0,0,0,0
PHL,Philippines,50,38.5,25,25,25,25,25,25,28.125,37.5,0,0,0,0,0,0,0,0,0,0,0,0,0,0,0,0,0,0,0,0,0,0,0,0,0,0,0,0,0,0,0,0,0,0,0,0,0,0,0,0,0,0,0,0,0,0,0,0,0,0,0,0,0,0,0,0,0,0,0,0,0,0,0,0,0,0,0,0,0,0,0,0,0,0,0,0,0,0,0,0,0,0,0,0,0,0,0,0,0,0,0,0,0,0,0,0,0,0,0,0
POL,Poland,45.125,33.75,18.75,21.75,35.625,37.25,50,50,50,50,50,50,50,40,37.5,37.5,37.5,47,50,50,37,0,0,0,0,0,0,0,0,0,0,0,0,0,0,0,0,0,0,0,0,0,0,0,0,0,0,0,0,0,0,0,0,0,0,0,0,0,0,0,0,0,0,0,0,0,0,0,0,0,0,0,0,0,0,0,0,0,0,0,0,0,0,0,0,0,0,0,0,0,0,0,0,0,0,0,0,0,0,0,0,0,0,0,0,0,0,0,0,0
PRT,Portugal,50,50,50,50,50,50,50,25,40,50,50,50,50,50,50,28.125,28.125,28.125,28.125,28.125,28.125,28.125,25,25,25,25,50,50,37.5,28.125,28.125,37.5,25,25,25,25,25,25,25,25,25,25,21.96875,9.84375,0,0,0,0,0,0,0,0,0,0,0,0,0,0,0,0,0,0,0,0,0,0,0,0,0,0,0,0,0,0,0,0,0,0,0,0,0,0,0,0,0,0,0,0,0,0,0,0,0,0,0,0,0,0,0,0,0,0,0,0,0,0,0,0,0,0
ROM,Romania,45.125,37.75,28.125,22.6875,18.75,27.375,28.125,28.125,28.125,28.125,28.125,28.125,28.125,26.25,25,25,25,25,25,25,25,25,25,25,2,0,0,0,0,0,0,0,0,0,12.5,25,25,25,50,50,30.75,42.125,28.125,28.125,28.125,28.125,28.125,0,0,0,0,0,0,0,0,0,0,0,0,0,0,0,0,0,0,0,0,0,0,0,0,0,0,0,0,0,0,0,0,0,0,0,0,0,0,0,0,0,0,0,0,0,0,0,0,0,0,0,0,0,0,0,0,0,0,0,0,0,0,0
RUS,Russia,50,50,50,50,50,50,50,50,35,25,16.75,11.25,11.25,11.25,11.25,8.25,7.5,7.5,7.5,7.5,7.5,7.5,5.7,0,0,0,0,0,0,0,0,0,0,0,0,0,0,0,0,0,0,0,0,0,0,0,0,0,0,0,0,0,0,0,0,0,0,0,0,0,0,0,0,0,0,0,0,0,0,0,0,0,0,0,0,0,0,0,0,0,0,0,0,0,0,0,0,0,0,0,0,0,0,0,0,0,0,0,0,0,0,0,0,0,0,0,0,0,0,0
RWA,Rwanda,44,25,50,50,50,50,50,50,50,0,0,0,0,0,0,0,0,0,0,0,0,0,0,0,0,0,0,0,0,0,0,0,0,0,0,0,0,0,0,0,0,0,0,0,0,0,0,0,0,0,0,0,0,0,0,0,0,0,0,0,0,0,0,0,0,0,0,0,0,0,0,0,0,0,0,0,0,0,0,0,0,0,0,0,0,0,0,0,0,0,0,0,0,0,0,0,0,0,0,0,0,0,0,0,0,0,0,0,0,0
STP,Sao Tome and Principe,37.5,25,25,25,25,25,25,25,25,25,10,0,0,0,0,0,0,0,0,0,0,0,0,0,0,0,0,0,0,0,0,0,0,0,0,0,0,0,0,0,0,0,0,0,0,0,0,0,0,0,0,0,0,0,0,0,0,0,0,0,0,0,0,0,0,0,0,0,0,0,0,0,0,0,0,0,0,0,0,0,0,0,0,0,0,0,0,0,0,0,0,0,0,0,0,0,0,0,0,0,0,0,0,0,0,0,0,0,0,0
SAU,Saudi Arabia,50,43.5,30.25,34.75,37.5,37.5,37.5,37.5,37.5,37.5,37.5,37.5,37.5,37.5,37.5,37.5,37.5,37.5,37.5,37.5,37.5,37.5,37.5,37.5,37.5,37.5,40.25,50,37.5,37.5,28.125,28.125,28.125,28.125,21.09375,21.09375,21.09375,21.09375,7.5,7.5,11.25,15,15,15,15,15,15,15,15,15,13.8,0.3,0,0,0,0,0,0,0,0,0,0,0,0,0,0,0,0,0,0,0,0,0,0,0,0,0,0,0,0,0,0,0,0,0,0,0,0,0,0,0,0,0,0,0,0,0,0,0,0,0,0,0,0,0,0,0,0,0,0
SEN,Senegal,45,25,25,28.125,28.125,28.125,28.125,28.125,28.125,28.125,28.125,50,50,50,50,50,50,28.125,28.125,0,0,0,0,0,0,0,0,0,0,0,0,0,0,0,0,0,0,0,0,0,0,0,0,0,0,0,0,0,0,0,0,0,0,0,0,0,0,0,0,0,0,0,0,0,0,0,0,0,0,0,0,0,0,0,0,0,0,0,0,0,0,0,0,0,0,0,0,0,0,0,0,0,0,0,0,0,0,0,0,0,0,0,0,0,0,0,0,0,0,0
YUG,Serbia and Montenegro,50,48,50,38.75,25,25,25,25,25,25,29.5,50,50,50,50,50,32.5,25,25,25,25,25,25,25,25,25,25,25,25,25,25,25,25,25,25,25,25,25,25,25,15.6,11.25,11.25,11.25,11.25,11.25,11.25,11.25,0,0,0,0,0,0,0,0,0,0,0,0,0,0,0,0,0,0,0,0,0,0,0,0,0,0,0,0,0,0,0,0,0,0,0,0,0,0,0,0,0,0,0,0,0,0,0,0,0,0,0,0,0,0,0,0,0,0,0,0,0,0
SYC,Seychelles,37.5,25,25,25,22,0,0,0,0,0,0,0,0,0,0,0,0,0,0,0,0,0,0,0,0,0,0,0,0,0,0,0,0,0,0,0,0,0,0,0,0,0,0,0,0,0,0,0,0,0,0,0,0,0,0,0,0,0,0,0,0,0,0,0,0,0,0,0,0,0,0,0,0,0,0,0,0,0,0,0,0,0,0,0,0,0,0,0,0,0,0,0,0,0,0,0,0,0,0,0,0,0,0,0,0,0,0,0,0,0
SLE,Sierra Leone,42.25,25,8.9,8.1,2.925,0,0,0,0,0,0,0,0,0,0,0,0,0,0,0,0,0,0,0,0,0,0,0,0,0,0,0,0,0,0,0,0,0,0,0,0,0,0,0,0,0,0,0,0,0,0,0,0,0,0,0,0,0,0,0,0,0,0,0,0,0,0,0,0,0,0,0,0,0,0,0,0,0,0,0,0,0,0,0,0,0,0,0,0,0,0,0,0,0,0,0,0,0,0,0,0,0,0,0,0,0,0,0,0,0
SGP,Singapore,43,25,25,31,37.5,37.5,37.5,37.5,37.5,37.5,37.5,37.5,37.5,0,0,0,0,0,0,0,0,0,0,0,0,0,0,0,0,0,0,0,0,0,0,0,0,0,0,0,0,0,0,0,0,0,0,0,0,0,0,0,0,0,0,0,0,0,0,0,0,0,0,0,0,0,0,0,0,0,0,0,0,0,0,0,0,0,0,0,0,0,0,0,0,0,0,0,0,0,0,0,0,0,0,0,0,0,0,0,0,0,0,0,0,0,0,0,0,0
SVK,Slovakia,39.25,31.5,25,25,25,25,25,25,25,25,25,25,25,25,25,25,25,25,25,25,25,25,25,16,0,0,0,0,0,0,0,0,0,0,0,0,0,0,0,0,0,0,0,0,0,0,0,0,0,0,0,0,0,0,0,0,0,0,0,0,0,0,0,0,0,0,0,0,0,0,0,0,0,0,0,0,0,0,0,0,0,0,0,0,0,0,0,0,0,0,0,0,0,0,0,0,0,0,0,0,0,0,0,0,0,0,0,0,0,0
SVN,Slovenia,39.75,26.25,25,25,25,25,25,25,25,25,25,25,25,25,25,25,25,25,25,25,25,25,25,25,25,49,50,27,0,0,25,25,25,25,25,25,25,25,25,25,17.5,0,0,0,0,0,0,0,0,0,0,0,0,0,0,0,0,0,0,0,0,0,0,0,0,0,0,0,0,0,0,0,0,0,0,0,0,0,0,0,0,0,0,0,0,0,0,0,0,0,0,0,0,0,0,0,0,0,0,0,0,0,0,0,0,0,0,0,0,0
SOM,Somalia,41.6875,20.625,40.9375,37.5,37.5,37.5,37.5,37.5,37.5,37.5,37.5,37.5,37.5,37.5,37.5,37.5,37.5,37.5,37.5,37.5,37.5,37.5,37.5,37.5,37.5,37.5,37.5,37.5,10.9375,10.9375,10.9375,10.9375,10.9375,10.9375,10.9375,10.9375,10.9375,10.9375,10.9375,10.9375,10.9375,10.9375,10.9375,10.9375,10.9375,10.9375,10.9375,10.9375,10.9375,10.9375,10.9375,10.9375,10.9375,10.9375,10.9375,10.9375,10.9375,10.9375,10.9375,10.9375,10.9375,10.9375,10.9375,10.9375,10.9375,10.9375,10.9375,10.9375,10.9375,10.9375,0,0,0,0,0,0,0,0,0,0,0,0,0,0,0,0,0,0,0,0,0,0,0,0,0,0,0,0,0,0,0,0,0,0,0,0,0,0,0,0
ZAF,South Africa,47.25,37.5,25,28.125,28.125,12.5,0,0,0,0,0,0,0,0,0,0,0,0,0,0,0,0,0,0,0,0,0,0,0,0,0,0,0,0,0,0,0,0,0,0,0,0,0,0,0,0,0,0,0,0,0,0,0,0,0,0,0,0,0,0,0,0,0,0,0,0,0,0,0,0,0,0,0,0,0,0,0,0,0,0,0,0,0,0,0,0,0,0,0,0,0,0,0,0,0,0,0,0,0,0,0,0,0,0,0,0,0,0,0,0
ESP,Spain,50,50,50,50,50,50,50,50,50,50,28.125,28.125,28.125,28.125,28.125,28.125,28.125,28.125,28.125,28.125,28.125,28.125,28.125,28.125,28.125,28.125,28.125,28.125,28.125,28.125,37.5,37.5,25,25,25,25,25,25,25,25,26.1875,28.125,28.125,28.125,29.1875,25,25,21.875,18.75,18.75,18.75,11.25,11.25,11.25,11.25,11.25,0,0,0,0,0,0,0,0,0,0,0,0,0,0,0,0,0,0,0,0,0,0,0,0,0,0,0,0,0,0,0,0,0,0,0,0,0,0,0,0,0,0,0,0,0,0,0,0,0,0,0,0,0,0
LKA,Sri Lanka,45.75,26,25,25,25,25,25,25,28.125,37.5,37.5,37.5,37.5,37.5,37.5,37.5,50,50,50,45.75,37.5,50,50,50,50,50,50,50,50,50,50,50,50,50,50,50,50,50,50,50,50,50,50,40.25,37.5,28.125,21.09375,21.09375,21.09375,21.09375,18.140625,0,0,0,0,0,0,0,0,0,0,0,0,0,0,0,0,0,0,0,0,0,0,0,0,0,0,0,0,0,0,0,0,0,0,0,0,0,0,0,0,0,0,0,0,0,0,0,0,0,0,0,0,0,0,0,0,0,0,0
SDN,Sudan,38.75,25,31.5,30.25,37.5,37.5,37.5,37.5,37.5,37.5,37.5,37.5,37.5,37.5,37.5,37.5,37.5,37.5,37.5,37.5,37.5,37.5,37.5,37.5,37.5,37.5,37.5,37.5,37.5,0,0,0,0,37.5,37.5,37.5,37.5,37.5,37.5,37.5,37.5,37.5,37.5,37.5,37.5,37.5,37.5,37.5,37.5,37.5,37.5,37.5,37.5,37.5,37.5,37.5,37.5,37.5,37.5,37.5,37.5,37.5,28.125,28.125,28.125,28.125,28.125,28.125,28.125,26.8125,18.75,18.75,18.75,18.75,18.75,18.75,18.75,18.75,17.625,14.0625,14.0625,14.0625,8.4375,0,0,0,0,0,0,0,0,0,0,0,0,0,0,0,3.75,7.5,0,0,0,0,0,0,0,0,0,0
SWZ,Swaziland,41,25,28.125,50,30,0,0,0,0,0,0,0,0,0,0,0,0,0,0,0,0,0,0,0,0,0,0,0,0,0,0,0,0,0,0,0,0,0,0,0,0,0,0,0,0,0,0,0,0,0,0,0,0,0,0,0,0,0,0,0,0,0,0,0,0,0,0,0,0,0,0,0,0,0,0,0,0,0,0,0,0,0,0,0,0,0,0,0,0,0,0,0,0,0,0,0,0,0,0,0,0,0,0,0,0,0,0,0,0,0
SWE,Sweden,50,50,50,50,50,50,50,50,50,39.9375,28.125,37.5,50,50,50,37.5,37.5,0,0,0,0,0,0,0,0,0,0,0,0,0,0,0,0,0,0,0,0,0,0,0,0,0,0,0,0,0,0,0,0,0,0,0,0,0,0,0,0,0,0,0,0,0,0,0,0,0,0,0,0,0,0,0,0,0,0,0,0,0,0,0,0,0,0,0,0,0,0,0,0,0,0,0,0,0,0,0,0,0,0,0,0,0,0,0,0,0,0,0,0,0
CHE,Switzerland,50,50,50,46.25,50,50,50,50,50,50,37.5,37.5,37.5,37.5,37.5,37.5,37.5,37.5,37.5,37.5,37.5,37.5,37.5,37.5,37.5,37.5,37.5,37.5,37.5,37.5,0,0,25,25,25,25,25,25,25,25,20.625,18.75,18.75,18.75,0,0,0,0,0,0,0,0,0,0,0,0,0,0,0,0,0,0,0,0,0,0,0,0,0,0,0,0,0,0,0,0,0,0,0,0,0,0,0,0,0,0,0,0,0,0,0,0,0,0,0,0,0,0,0,0,0,0,0,0,0,0,0,0,0,0
SYR,Syrian Arab Republic,49.25,27,25,37.5,37.5,37.5,25,25,25,26,28.125,28.125,28.125,28.125,28.125,28.125,28.125,28.125,25,25,28.125,25,25,25,25,50,50,25,25,25,25,25,25,25,25,25,25,25,25,25,31.5,30.75,28.125,28.125,28.125,28.125,25,25,25,25,25,25,25,25,22.75,18.75,18.75,18.75,18.75,18.75,18.75,18.75,18.75,18.75,18.75,18.75,18.75,18.75,18.75,18.75,32.8125,32.8125,32.8125,32.8125,37.5,37.5,37.5,37.5,37.5,37.5,25,25,25,25,25,25,40,50,50,50,50,50,0,0,0,0,0,0,0,0,0,0,0,0,0,0,0,0,0,0
OAN,"Taiwan, China",50,25,50,50,50,50,50,18.75,0,0,0,0,0,0,0,0,0,0,0,0,0,0,0,0,0,0,0,0,0,0,0,0,0,0,0,0,0,0,0,0,0,0,0,0,0,0,0,0,0,0,0,0,0,0,0,0,0,0,0,0,0,0,0,0,0,0,0,0,0,0,0,0,0,0,0,0,0,0,0,0,0,0,0,0,0,0,0,0,0,0,0,0,0,0,0,0,0,0,0,0,0,0,0,0,0,0,0,0,0,0
TJK,Tajikistan,29.5,25,25,25,25,25,25,25,25,25,25,25,25,25,25,25,25,25,25,25,25,25,25,34.5,50,50,50,50,18.75,18.75,18.75,18.75,18.75,18.75,18.75,18.75,18.75,18.75,18.75,18.75,18.75,18.75,18.75,18.75,18.75,18.75,18.75,18.75,18.75,18.75,18.75,18.75,18.75,18.75,0,0,0,0,0,0,0,0,0,0,0,0,0,0,0,0,0,0,0,0,18.75,18.75,18.75,18.75,18.75,18.75,18.75,18.75,18.75,18.75,18.75,18.75,0,0,0,0,0,0,0,0,0,0,0,0,0,0,0,0,0,0,0,0,0,0,0,0
TZA,Tanzania,43.1875,22.625,15,10.5,7.5,7.5,7.5,7.5,7.5,7.05,0,0,0,0,0,0,0,0,0,0,0,0,0,0,0,0,0,0,0,0,0,0,0,0,0,0,0,0,0,0,0,0,0,0,0,0,0,0,0,0,0,0,0,0,0,0,0,0,0,0,0,0,0,0,0,0,0,0,0,0,0,0,0,0,0,0,0,0,0,0,0,0,0,0,0,0,0,0,0,0,0,0,0,0,0,0,0,0,0,0,0,0,0,0,0,0,0,0,0,0
THA,Thailand,50,50,50,50,50,50,50,50,50,50,50,37.5,37.5,37.5,28.125,28.125,28.125,28.125,28.125,28.125,28.125,28.125,28.125,37.5,37.5,37.5,37.5,37.5,37.5,0,0,0,0,0,0,0,0,0,0,0,0,0,0,0,0,0,0,0,0,0,0,0,0,0,0,0,0,0,0,0,0,0,0,0,0,0,0,0,0,0,0,0,0,0,0,0,0,0,0,0,0,0,0,0,0,0,0,0,0,0,0,0,0,0,0,0,0,0,0,0,0,0,0,0,0,0,0,0,0,0
TGO,Togo,46,18.75,18.75,18.75,25,0,0,0,0,0,0,0,0,0,0,0,0,0,0,0,0,0,0,0,0,0,0,0,0,0,0,0,0,0,0,0,0,0,0,0,0,0,0,0,0,0,0,0,0,0,0,0,0,0,0,0,0,0,0,0,0,0,0,0,0,0,0,0,0,0,0,0,0,0,0,0,0,0,0,0,0,0,0,0,0,0,0,0,0,0,0,0,0,0,0,0,0,0,0,0,0,0,0,0,0,0,0,0,0,0
TTO,Trinidad and Tobago,44,25,25,25,25,25,25,25,0,0,0,0,0,0,0,0,0,0,0,0,0,0,0,0,0,0,0,0,0,0,0,0,0,0,0,0,0,0,0,0,0,0,0,0,0,0,0,0,0,0,0,0,0,0,0,0,0,0,0,0,0,0,0,0,0,0,0,0,0,0,0,0,0,0,0,0,0,0,0,0,0,0,0,0,0,0,0,0,0,0,0,0,0,0,0,0,0,0,0,0,0,0,0,0,0,0,0,0,0,0
TUN,Tunisia,47,25,32.75,37.5,37.5,37.5,37.5,37.5,31,37.5,50,50,50,50,50,37.5,37.5,37.5,37.5,41.25,50,50,37.5,37.5,25,25,28.125,28.125,28.125,28.125,28.125,25,25,25,25,25,25,25,25,25,26,37.5,33.75,37.5,37.5,46.5,50,50,50,50,37.5,37.5,37.5,37.5,37.5,0,0,0,0,0,0,0,0,0,0,0,0,0,0,0,0,0,0,0,0,0,0,0,0,0,0,0,0,0,0,0,0,0,0,0,0,0,0,0,0,0,0,0,0,0,0,0,0,0,0,0,0,0,0,0
TUR,Turkey,50,50,50,50,50,50,50,50,50,50,37.5,37.5,37.5,37.5,37.5,37.5,37.5,37.5,42.75,50,50,50,50,50,50,50,50,50,50,50,50,25,25,25,25,25,25,25,25,25,26.25,28.125,28.125,28.125,28.125,21.875,25,25,25,25,25.1875,28.125,28.125,28.125,18.75,18.75,18.75,18.75,18.75,18.75,18.75,18.75,18.75,26.25,37.5,37.5,37.5,37.5,18.75,18.75,28.125,28.125,37.5,0,2.8125,14.0625,14.0625,14.0625,14.0625,14.0625,18.75,18.75,18.75,18.75,18.75,18.75,18.75,18.75,18.75,18.75,18.75,18.75,18.75,18.75,18.75,18.75,18.75,18.75,18.75,18.75,0,0,0,0,0,0,0,0,0,0
TKM,Turkmenistan,29.5,25,9.5,0,0,0,0,0,0,0,0,0,0,0,25,25,25,25,25,25,25,25,25,25,25,25,25,25,25,25,25,25,25,25,25,25,25,25,25,25,25,25,25,25,24.175,11.25,11.25,11.25,11.25,11.25,11.25,11.25,11.25,11.25,11.25,11.25,11.25,11.25,11.25,11.25,11.25,11.25,11.25,11.25,11.25,11.25,11.25,11.25,11.25,11.25,11.25,11.25,11.25,11.25,11.25,11.25,11.25,11.25,11.25,11.25,11.25,11.25,11.25,11.25,11.25,11.25,0,0,0,0,0,0,0,0,0,0,0,0,0,0,0,0,0,0,0,0,0,0,0,0
UGA,Uganda,42.5,25,37.5,37.5,37.5,37.5,37.5,37.5,37.5,0,0,0,0,0,0,0,0,0,0,0,0,0,0,0,0,0,0,0,0,0,0,0,0,0,0,0,0,0,0,0,0,0,0,0,0,0,0,0,0,0,0,0,0,0,0,0,0,0,0,0,0,0,0,0,0,0,0,0,0,0,0,0,0,0,0,0,0,0,0,0,0,0,0,0,0,0,0,0,0,0,0,0,0,0,0,0,0,0,0,0,0,0,0,0,0,0,0,0,0,0
UKR,Ukraine,29.5,25,25,25,22,28.125,27.0625,25,22.625,18.75,18.75,18.75,18.75,26.25,28.125,28.125,28.125,28.125,28.125,28.125,28.125,28.125,28.125,0,0,0,0,0,0,0,0,0,0,0,0,0,0,0,0,0,0,0,0,0,0,0,0,0,0,0,0,0,0,0,0,0,0,0,0,0,0,0,0,0,0,0,0,0,0,0,0,0,0,0,0,0,0,0,0,0,0,0,0,0,0,0,0,0,0,0,0,0,0,0,0,0,0,0,0,0,0,0,0,0,0,0,0,0,0,0
GBR,United Kingdom,50,50,50,50,50,50,37.5,37.5,37.5,37.5,37.5,37.5,37.5,37.5,37.5,28.125,28.125,28.125,31.125,37.5,37.5,37.5,37.5,37.5,37.5,37.5,37.5,37.5,37.5,37.5,37.5,37.5,25,25,25,25,25,25,25,0,0,0,0,0,0,0,0,0,0,0,0,0,0,0,0,0,0,0,0,0,0,0,0,0,0,0,0,0,0,0,0,0,0,0,0,0,0,0,0,0,0,0,0,0,0,0,0,0,0,0,0,0,0,0,0,0,0,0,0,0,0,0,0,0,0,0,0,0,0,0
USA,United States,50,50,50,28.125,23.25,18.75,18.75,18.75,0,0,0,0,0,0,0,0,0,0,0,0,0,0,0,0,0,0,0,0,0,0,0,0,0,0,0,0,0,0,0,0,0,0,0,0,0,0,0,0,0,0,0,0,0,0,0,0,0,0,0,0,0,0,0,0,0,0,0,0,0,0,0,0,0,0,0,0,0,0,0,0,0,0,0,0,0,0,0,0,0,0,0,0,0,0,0,0,0,0,0,0,0,0,0,0,0,0,0,0,0,0
URY,Uruguay,50,50,50,36,25,25,0,0,0,0,0,0,0,0,0,0,0,0,0,0,0,0,0,0,0,0,0,0,0,0,0,0,0,0,0,0,0,0,0,0,0,0,0,0,0,0,0,0,0,0,0,0,0,0,0,0,0,0,0,0,0,0,0,0,0,0,0,0,0,0,0,0,0,0,0,0,0,0,0,0,0,0,0,0,0,0,0,0,0,0,0,0,0,0,0,0,0,0,0,0,0,0,0,0,0,0,0,0,0,0
UZB,Uzbekistan,29.5,25,30.75,37.5,46.25,50,50,50,50,50,27.5,25,25,25,25,25,50,50,50,50,50,50,25,25,25,25,28.125,28.125,28.125,28.125,28.125,28.125,28.125,28.125,28.125,28.125,28.125,28.125,28.125,28.125,28.125,28.125,28.125,28.125,28.125,28.125,28.125,28.125,28.125,28.125,28.125,28.125,28.125,28.125,28.125,0,0,0,0,0,0,0,0,0,0,0,0,0,0,0,0,0,0,0,18.75,18.75,18.75,18.75,18.75,18.75,18.75,18.75,18.75,18.75,18.75,18.75,0,0,0,0,0,0,0,0,0,0,0,0,0,0,0,0,0,0,0,0,0,0,0,0
VEN,Venezuela,50,50,50,40.5,25,25,25,25,25,12.5,0,0,0,0,0,0,0,0,0,0,0,0,0,0,0,0,0,0,0,0,0,0,0,0,0,0,0,0,0,0,0,0,0,0,0,0,0,0,0,0,0,0,0,0,0,0,0,0,0,0,0,0,0,0,0,0,0,0,0,0,0,0,0,0,0,0,0,0,0,0,0,0,0,0,0,0,0,0,0,0,0,0,0,0,0,0,0,0,0,0,0,0,0,0,0,0,0,0,0,0
VNM,Vietnam,40.9375,25.25,34.5,49.5,37.5,37.5,37.5,42.5,50,50,44.75,33.375,37.5,37.5,37.5,37.5,37.5,37.5,37.5,37.5,37.5,22.875,18.75,18.75,18.75,18.75,18.75,18.75,18.75,18.75,18.75,18.75,18.75,18.75,18.75,18.75,24,25,25,25,25,25,25,25,46.5,50,50,50,50,50,50,50,50,50,50,18.75,18.75,18.75,18.75,18.75,18.75,18.75,18.75,18.75,18.75,18.75,18.75,18.75,18.75,18.75,0,0,0,0,0,0,0,0,0,0,0,0,0,0,0,0,0,0,0,0,0,0,0,0,0,0,0,0,0,0,0,0,0,0,0,0,0,0,0,0
YEM,Yemen,36.625,24.75,18.75,28.125,28.125,28.125,28.125,28.125,28.125,28.125,28.125,28.125,28.125,28.125,28.125,28.125,28.125,28.125,28.125,28.125,28.125,28.125,25,25,25,25,25,25,25,37.5,50,50,50,50,50,50,50,50,50,50,37.5,37.5,37.5,37.5,37.5,37.5,37.5,37.5,37.5,37.5,37.5,37.5,37.5,37.5,37.5,37.5,37.5,37.5,37.5,37.5,37.5,37.5,37.5,37.5,28.125,28.125,28.125,28.125,28.125,28.125,28.125,28.125,28.125,28.125,28.125,28.125,28.125,28.125,28.125,28.125,0,0,0,0,0,0,0,0,0,0,0,0,0,0,0,0,0,0,0,0,0,0,0,0,0,0,0,0,0,0
ZMB,Zambia,43,25,37.5,37.5,0,0,0,0,0,0,0,0,0,0,0,0,0,0,0,0,0,0,0,0,0,0,0,0,0,0,0,0,0,0,0,0,0,0,0,0,0,0,0,0,0,0,0,0,0,0,0,0,0,0,0,0,0,0,0,0,0,0,0,0,0,0,0,0,0,0,0,0,0,0,0,0,0,0,0,0,0,0,0,0,0,0,0,0,0,0,0,0,0,0,0,0,0,0,0,0,0,0,0,0,0,0,0,0,0,0
ZWE,Zimbabwe,35,25,50,0,0,0,0,0,0,0,0,0,0,0,0,0,0,0,0,0,0,0,0,0,0,0,0,0,0,0,0,0,0,0,0,0,0,0,0,0,0,0,0,0,0,0,0,0,0,0,0,0,0,0,0,0,0,0,0,0,0,0,0,0,0,0,0,0,0,0,0,0,0,0,0,0,0,0,0,0,0,0,0,0,0,0,0,0,0,0,0,0,0,0,0,0,0,0,0,0,0,0,0,0,0,0,0,0,0,0
